,Row,Season,No. in series,Company,Deal,Industry,Entrepreneur Gender,Amount,Equity,Valuation,Corcoran,Cuban,Greiner,Herjavec,John,O'Leary,Harrington,Guest,# Sharks,$ per shark,Details / Notes
0,,,,,,,,,,,,,,,,,,,,,
1,2.0,1.0,1.0,Ava the Elephant,Yes,Healthcare,Female,50000,55%,90909,1.0,,,,,,,,1.0,50000,
2,3.0,1.0,1.0,Mr. Tod's Pie Factory,Yes,Food and Beverage,Male,460000,50%,920000,1.0,,,,1.0,,,,2.0,230000,
3,4.0,1.0,1.0,Wispots,No,Business Services,Male,,,,,,,,,,,,0.0,,
4,5.0,1.0,1.0,College Foxes Packing Boxes,No,Lifestyle / Home,Male,,,,,,,,,,,,0.0,,
5,6.0,1.0,1.0,Ionic Ear,No,Uncertain / Other,Male,,,,,,,,,,,,0.0,,
6,7.0,1.0,2.0,A Perfect Pear,Yes,Food and Beverage,Female,500000,50%,1000000,,,,1.0,,1.0,,,2.0,250000,
7,8.0,1.0,2.0,Classroom Jams,Yes,Children / Education,Male,250000,10%,2500000,1.0,1.0,,1.0,1.0,1.0,,,5.0,50000,
8,9.0,1.0,2.0,Lifebelt,No,Consumer Products,Male,,,,,,,,,,,,0.0,,
9,10.0,1.0,2.0,Crooked Jaw,No,Fashion / Beauty,Male,,,,,,,,,,,,0.0,,
10,11.0,1.0,2.0,Sticky Note Holder,No,Lifestyle / Home,Female,,,,,,,,,,,,0.0,,
11,12.0,1.0,3.0,Turbobaster,Yes,Food and Beverage,Female,35000,100%,35000,,,,,,,1.0,,1.0,35000,2% royalty
12,13.0,1.0,3.0,Stress Free Kids,Yes,Children / Education,Female,250000,50%,500000,1.0,,,,,,,,1.0,250000,
13,14.0,1.0,3.0,Kwyzta Chopstick Art,No,Children / Education,Male,,,,,,,,,,,,0.0,,
14,15.0,1.0,3.0,50 State Capitals in 50 Minutes,No,Children / Education,Male,,,,,,,,,,,,0.0,,
15,16.0,1.0,3.0,Voyage Air Guitar,No,Media / Entertainment,Male,,,,,,,,,,,,0.0,,
16,17.0,1.0,4.0,Gift Card Rescue,Yes,Software / Tech,Male,200000,50%,400000,,,,1.0,,1.0,,,2.0,100000,
17,18.0,1.0,4.0,Coverplay,Yes,Children / Education,Female,35000,40%,87500,1.0,,,,,,,,1.0,35000,
18,19.0,1.0,4.0,Graffiti Removal Services,No,Business Services,Male,,,,,,,,,,,,0.0,,
19,20.0,1.0,4.0,"Souls Calling, Inc.",No,Fashion / Beauty,Female,,,,,,,,,,,,0.0,,
20,21.0,1.0,4.0,Coffee Brand Gifts,No,Food and Beverage,Male,,,,,,,,,,,,0.0,,
21,22.0,1.0,5.0,My Therapy Journal,Yes,Healthcare,Male,80000,51%,156863,,,,1.0,,1.0,,,2.0,40000,
22,23.0,1.0,5.0,Body Jac,Yes,Fitness / Sports,Male,180000,50%,360000,1.0,,,,,,1.0,,2.0,90000,contingent on him losing 30 pounds!
23,24.0,1.0,5.0,Good Grief Celebrations,No,Business Services,Female,,,,,,,,,,,,0.0,,
24,25.0,1.0,5.0,Granola Gourmet,No,Food and Beverage,Male,,,,,,,,,,,,0.0,,
25,26.0,1.0,5.0,Face Blok,No,Healthcare,Female,,,,,,,,,,,,0.0,,
26,27.0,1.0,6.0,Pork Barrel BBQ Sauce,Yes,Food and Beverage,Male,50000,50%,100000,1.0,,,,,,,,1.0,50000,
27,28.0,1.0,6.0,Element Bars,Yes,Fitness / Sports,Male,150000,30%,500000,,,,,,,1.0,,1.0,150000,"license bars, entrepreneur gets 4% of sales forever"
28,29.0,1.0,6.0,Underease Underwear,No,Fashion / Beauty,Mixed Team,,,,,,,,,,,,0.0,,
29,30.0,1.0,6.0,Kalyx Technologies,No,Fashion / Beauty,Female,,,,,,,,,,,,0.0,,
30,31.0,1.0,6.0,The Fizz,No,Food and Beverage,Male,,,,,,,,,,,,0.0,,
31,32.0,1.0,7.0,Soy-Yer-Dough,Yes,Food and Beverage,Male,300000,51%,588235,,,,1.0,1.0,1.0,,,3.0,100000,
32,33.0,1.0,7.0,Grill Charms Set,Yes,Fashion / Beauty,Female,50000,20%,250000,,,,1.0,,,,,1.0,50000,
33,34.0,1.0,7.0,Boogie Box Fitness,No,Fitness / Sports,Female,,,,,,,,,,,,0.0,,
34,35.0,1.0,7.0,The Fun house Project,No,Media / Entertainment,Male,,,,,,,,,,,,0.0,,
35,36.0,1.0,8.0,Treasure Chest Pets,Yes,Pet Products,Female,100000,60%,166667,1.0,,,,1.0,,,,2.0,50000,
36,37.0,1.0,8.0,Notehall,Yes,Software / Tech,Male,90000,25%,360000,1.0,,,,,,,,1.0,90000,deal did not go through after show; acquired by Chegg for 3.7M in equity
37,38.0,1.0,8.0,Throx,No,Fashion / Beauty,Male,,,,,,,,,,,,0.0,,
38,39.0,1.0,8.0,Washed Up Hollywood,No,Fashion / Beauty,Male,,,,,,,,,,,,0.0,,
39,40.0,1.0,9.0,Gayla Bentley Fashion,Yes,Fashion / Beauty,Female,250000,50%,500000,1.0,,,,1.0,,,,2.0,125000,
40,41.0,1.0,9.0,Chill Soda,Yes,Food and Beverage,Male,50000,20%,250000,1.0,,,,,,,,1.0,50000,
41,42.0,1.0,9.0,Cornucopia Express,No,Pet Products,Male,,,,,,,,,,,,0.0,,
42,43.0,1.0,9.0,Virtusphere,No,Software / Tech,Male,,,,,,,,,,,,0.0,,
43,44.0,1.0,10.0,The URO Club,Yes,Uncertain / Other,Male,25000,70%,35714,,,,,,,,1.0,1.0,25000,
44,45.0,1.0,10.0,Jump Forward,Yes,Uncertain / Other,Male,600000,50%,1200000,,,,1.0,,1.0,,,2.0,300000,
45,46.0,1.0,10.0,The Bobble Place,No,Children / Education,Male,,,,,,,,,,,,0.0,,
46,47.0,1.0,10.0,Mr. Poncho,No,Fashion / Beauty,Mixed Team,,,,,,,,,,,,0.0,,
47,48.0,1.0,11.0,Hells Bells Helmets,Yes,Consumer Products,Mixed Team,500000,50%,1000000,,,,,1.0,,,,1.0,500000,
48,49.0,1.0,11.0,Chef In Black,Yes,Food and Beverage,Female,50000,40%,125000,1.0,,,,,,,,1.0,50000,
49,50.0,1.0,11.0,Ink Flip,No,Business Services,Male,,,,,,,,,,,,0.0,,
50,51.0,1.0,11.0,Romp NΓÇÖ Roll,No,Children / Education,Mixed Team,,,,,,,,,,,,0.0,,
51,52.0,1.0,11.0,The Twister,No,Fitness / Sports,Male,,,,,,,,,,,,0.0,,
52,53.0,1.0,12.0,Grease Monkey Wipes,Yes,Lifestyle / Home,Mixed Team,40000,40%,100000,1.0,,,1.0,,,,,2.0,20000,
53,54.0,1.0,12.0,Wee Can Shop,No,Children / Education,Mixed Team,,,,,,,,,,,,0.0,,
54,55.0,1.0,12.0,The Podillow,No,Consumer Products,Mixed Team,,,,,,,,,,,,0.0,,
55,56.0,1.0,12.0,The Factionist,No,Fashion / Beauty,Male,,,,,,,,,,,,0.0,,
56,57.0,1.0,13.0,Caffeindicator,Yes,Food and Beverage,Male,200000,50%,400000,,,,,,,1.0,,1.0,200000,
57,58.0,1.0,13.0,Lipstick Remix,Yes,Fashion / Beauty,Female,105000,50%,210000,1.0,,,,1.0,,1.0,,3.0,35000,
58,59.0,1.0,13.0,Legal Grind,No,Business Services,Mixed Team,,,,,,,,,,,,0.0,,
59,60.0,1.0,13.0,Captain Ice Cream,No,Food and Beverage,Male,,,,,,,,,,,,0.0,,
60,61.0,1.0,14.0,Nubrella,Yes,Fashion / Beauty,Male,200000,51%,392157,,,,,1.0,,1.0,,2.0,100000,Deal fell through after show
61,62.0,1.0,14.0,Qubits,Yes,Children / Education,Male,90000,51%,176471,,,,,1.0,,,,1.0,90000,Deal fell through after show
62,63.0,1.0,14.0,Send A Ball,No,Children / Education,Female,,,,,,,,,,,,0.0,,
63,64.0,1.0,14.0,Pillars of Slippers,No,Fashion / Beauty,Female,,,,,,,,,,,,0.0,,
64,65.0,1.0,14.0,Llama Brew,No,Green/CleanTech,Mixed Team,,,,,,,,,,,,0.0,,
65,66.0,2.0,1.0,Wurkin Stiffs,Yes,Consumer Products,Male,100000,40%,250000,1.0,,,,1.0,,,,2.0,50000,
66,67.0,2.0,1.0,Tippi Toes,Yes,Fitness / Sports,Female,100000,30%,333333,1.0,1.0,,,,,,,2.0,50000,
67,68.0,2.0,1.0,CBS Foods,No,Food and Beverage,Male,,,,,,,,,,,,0.0,,
68,69.0,2.0,1.0,Copa di Vino,No,Food and Beverage,Male,,,,,,,,,,,,0.0,,
69,70.0,2.0,2.0,Toygaroo,Yes,Children / Education,Female,200000,35%,571429,,1.0,,,,1.0,,,2.0,100000,Company filed for Chapter 7 bankruptcy in April 2012
70,71.0,2.0,2.0,First Defense Nasal Screen,Yes,Healthcare,Male,750000,30%,2500000,,1.0,,1.0,1.0,,,,3.0,250000,10% perpetual royalty
71,72.0,2.0,2.0,Vurtego,No,Fitness / Sports,Male,,,,,,,,,,,,0.0,,
72,73.0,2.0,2.0,Wake n' Bacon,No,Food and Beverage,Male,,,,,,,,,,,,0.0,,
73,74.0,2.0,3.0,Mod Mom Furniture,Yes,Lifestyle / Home,Female,90000,33%,272727,,,,,,,,,0.0,0,7.5% royalty fee after they hit $500K
74,75.0,2.0,3.0,Flipoutz,Yes,Fashion / Beauty,Mixed Team,100000,25%,400000,,,,,1.0,,,,1.0,100000,
75,76.0,2.0,3.0,Fitness Stride,No,Fitness / Sports,Male,,,,,,,,,,,,0.0,,
76,77.0,2.0,3.0,Pure Ayre,No,Lifestyle / Home,Male,,,,,,,,,,,,0.0,,
77,78.0,2.0,4.0,Broccoli Wad,Yes,Food and Beverage,Male,50000,40%,125000,1.0,,,,,,,,1.0,50000,
78,79.0,2.0,4.0,Hillbilly Brand,Yes,Fashion / Beauty,Male,75000,25%,300000,,,,1.0,1.0,,,,2.0,37500,7% royalty
79,80.0,2.0,4.0,Ride-On Carry-On,Yes,Consumer Products,Mixed Team,50000,25%,200000,1.0,,,,,,,,1.0,50000,
80,81.0,2.0,4.0,Uncle Zip's Beef Jerky,No,Food and Beverage,Male,,,,,,,,,,,,0.0,,
81,82.0,2.0,5.0,Lightfilm,Yes,Consumer Products,Male,10000,70%,14286,,,,1.0,1.0,,,,2.0,5000,founders receive 75% of the profit's until the $750k was paid back
82,83.0,2.0,5.0,Fridge Fronts,Yes,Lifestyle / Home,Female,100000,50%,200000,1.0,,,,,1.0,,,2.0,50000,magnetic decorative finish for refrigerators; deal did not go through
83,84.0,2.0,5.0,New Era Brands,No,Consumer Products,Male,,,,,,,,,,,,0.0,,clip-on gum and clip-on contact lens cases
84,85.0,2.0,5.0,Thin Gloss,No,Fashion / Beauty,Female,,,,,,,,,,,,0.0,,weight loss lip gloss
85,86.0,2.0,6.0,Sweep Easy,Yes,Lifestyle / Home,Male,75000,33%,227273,,,,,1.0,,,,1.0,75000,
86,87.0,2.0,6.0,Daisy Cakes,Yes,Food and Beverage,Female,50000,25%,200000,1.0,,,,,,,,1.0,50000,Barbara gets $1 per every cake sold until investment is paid back
87,88.0,2.0,6.0,Hot Mama Gowns,No,Fashion / Beauty,Female,,,,,,,,,,,,0.0,,luxury maternity gowns
88,89.0,2.0,6.0,Caddy Swag,No,Fitness / Sports,Mixed Team,,,,,,,,,,,,0.0,,
89,90.0,2.0,7.0,Hydromax,Yes,Fitness / Sports,Male,50000,50%,100000,,,,,,,,1.0,1.0,50000,
90,91.0,2.0,7.0,Carsik Bib,No,Children / Education,Male,,,,,,,,,,,,0.0,,
91,92.0,2.0,7.0,Ecomowers,No,Green/CleanTech,Male,,,,,,,,,,,,0.0,,
92,93.0,2.0,7.0,Games2U,No,Media / Entertainment,Male,,,,,,,,,,,,0.0,,
93,94.0,2.0,8.0,HyConn,Yes,Uncertain / Other,Male,1250000,100%,1250000,,1.0,,,,,,,1.0,1250000,deal did not go through after show
94,95.0,2.0,8.0,Origaudio,Yes,Software / Tech,Male,150000,15%,1000000,,,,1.0,,,,,1.0,150000,deal did not go through after diligence
95,96.0,2.0,8.0,Man Candle,No,Lifestyle / Home,Male,,,,,,,,,,,,0.0,,
96,97.0,2.0,8.0,Original Runner Company,No,Lifestyle / Home,Female,,,,,,,,,,,,0.0,,
97,98.0,2.0,9.0,Aldo Orta Jewelry,Yes,Fashion / Beauty,Male,180000,45%,400000,1.0,,,,,,1.0,,2.0,90000,
98,99.0,2.0,9.0,One Sole,Yes,Fashion / Beauty,Female,500000,35%,1428571,,,,,1.0,,,,1.0,500000,
99,100.0,2.0,9.0,CitiKitty,Yes,Pet Products,Female,100000,30%,333333,,,,,,,1.0,,1.0,100000,
100,101.0,2.0,9.0,Samson Martin,No,Fashion / Beauty,Female,,,,,,,,,,,,0.0,,
101,102.0,3.0,1.0,EZ VIP,Yes,Media / Entertainment,Male,150000,30%,500000,,1.0,,,1.0,,,,2.0,75000,
102,103.0,3.0,1.0,The Clean Bottle,Yes,Food and Beverage,Male,60000,8%,750000,,1.0,,,,,,,1.0,60000,
103,104.0,3.0,1.0,My Wonderful Life,No,Business Services,Female,,,,,,,,,,,,0.0,,
104,105.0,3.0,1.0,Business Ghost,No,Business Services,Male,,,,,,,,,,,,0.0,,
105,106.0,3.0,2.0,I Want To Draw A Cat For You,Yes,Software / Tech,Male,25000,33%,75758,,1.0,,,,,,,1.0,25000,
106,107.0,3.0,2.0,Salespreneur,No,Business Services,Male,,,,,,,,,,,,0.0,,
107,108.0,3.0,2.0,Invis-A-Rack,No,Consumer Products,Male,,,,,,,,,,,,0.0,,
108,109.0,3.0,2.0,Vegas Magic Show,No,Media / Entertainment,Male,,,,,,,,,,,,0.0,,
109,110.0,3.0,3.0,You Smell Soap,Yes,Fashion / Beauty,Female,50000,50%,100000,,,,1.0,,,,,1.0,50000,deal terms changed after dilligence (http://sharktanksuccess.blogspot.com/2013/07/you-smell-soap-update.html)
110,111.0,3.0,3.0,Chord Buddy,Yes,Media / Entertainment,Male,175000,20%,875000,,,,1.0,,,,,1.0,175000,
111,112.0,3.0,3.0,Liquid Money,No,Consumer Products,Male,,,,,,,,,,,,0.0,,
112,113.0,3.0,3.0,Tail Lightz,No,Fashion / Beauty,Male,,,,,,,,,,,,0.0,,
113,114.0,3.0,4.0,Wine Balloon,Yes,Food and Beverage,Male,400000,100%,400000,,1.0,,,,,,,1.0,400000,deal fell apart after show
114,115.0,3.0,4.0,Show No,Yes,Fashion / Beauty,Female,75000,25%,300000,,,1.0,,,,,,1.0,75000,
115,116.0,3.0,4.0,The Swilt,No,Fashion / Beauty,Female,,,,,,,,,,,,0.0,,
116,117.0,3.0,4.0,Puppy Cake,No,Pet Products,Female,,,,,,,,,,,,0.0,,
117,118.0,3.0,5.0,The Last Lid,Yes,Lifestyle / Home,Mixed Team,40000,60%,66667,,,,,1.0,,,,1.0,40000,
118,119.0,3.0,5.0,Talbott Teas,Yes,Food and Beverage,Male,250000,35%,714286,,,,,,1.0,,,1.0,250000,Acquired by Jamba Juice
119,120.0,3.0,5.0,M3 Girl Designs,Yes,Fashion / Beauty,Female,300000,30%,1000000,,1.0,1.0,1.0,,,,,3.0,100000,
120,121.0,3.0,5.0,Ledge Pillow,No,Lifestyle / Home,Female,,,,,,,,,,,,0.0,,
121,122.0,3.0,6.0,Readerest Specsecure,Yes,Consumer Products,Male,150000,65%,230769,,,1.0,,,,,,1.0,150000,
122,123.0,3.0,6.0,The Painted Pretzel,Yes,Food and Beverage,Female,100000,25%,400000,,1.0,,,,,,,1.0,100000,
123,124.0,3.0,6.0,Esso Watches,No,Fashion / Beauty,Male,,,,,,,,,,,,0.0,,
124,125.0,3.0,6.0,Five Minute Furniture,No,Lifestyle / Home,Male,,,,,,,,,,,,0.0,,
125,126.0,3.0,7.0,Kisstixx,Yes,Fashion / Beauty,Male,200000,40%,500000,,1.0,,,,,,,1.0,200000,
126,127.0,3.0,7.0,The Smart Baker,Yes,Food and Beverage,Mixed Team,75000,40%,187500,1.0,,,,,,,,1.0,75000,5% royalty until investment paid back
127,128.0,3.0,7.0,ScotteVest,No,Fashion / Beauty,Male,,,,,,,,,,,,0.0,,
128,129.0,3.0,7.0,The Heat Helper,No,Lifestyle / Home,Male,,,,,,,,,,,,0.0,,
129,130.0,3.0,8.0,Litter,Yes,Fashion / Beauty,Female,80000,51%,156863,,1.0,,,1.0,,,,2.0,40000,
130,131.0,3.0,8.0,Nardo's Natural,Yes,Fashion / Beauty,Male,75000,50%,150000,,,,,,,,,0.0,0,
131,132.0,3.0,8.0,The Original Profender,No,Fitness / Sports,Male,,,,,,,,,,,,0.0,,
132,133.0,3.0,8.0,Rent-A-Grandma,No,Lifestyle / Home,Male,,,,,,,,,,,,0.0,,
133,134.0,3.0,9.0,Tower Paddle Boards,Yes,Fitness / Sports,Male,150000,30%,500000,,1.0,,,,,,,1.0,150000,"plus ""first right of refusal"" on any future inventions"
134,135.0,3.0,9.0,Miso Media,Yes,Media / Entertainment,Male,300000,8%,3750000,,1.0,,,,,,,1.0,300000,
135,136.0,3.0,9.0,Instant Lifts,No,Fashion / Beauty,Mixed Team,,,,,,,,,,,,0.0,,
136,137.0,3.0,9.0,Vinamor,No,Food and Beverage,Male,,,,,,,,,,,,0.0,,
137,138.0,3.0,10.0,GoGo Gear,Yes,Fitness / Sports,Female,300000,50%,600000,,,,,1.0,,,,1.0,300000,
138,139.0,3.0,10.0,The Ave Venice,No,Fashion / Beauty,Male,,,,,,,,,,,,0.0,,
139,140.0,3.0,10.0,BrewerΓÇÖs Cow,No,Food and Beverage,Male,,,,,,,,,,,,0.0,,
140,141.0,3.0,10.0,BarkΓÇÖemΓÇÖs To Go,No,Pet Products,Male,,,,,,,,,,,,0.0,,
141,142.0,3.0,11.0,ViewSport,No,Fitness / Sports,Male,,,,,,,,,,,,0.0,,
142,143.0,3.0,11.0,Blondies Cookies,No,Food and Beverage,Female,,,,,,,,,,,,0.0,,
143,144.0,3.0,11.0,Copa di Vino,No,Food and Beverage,Male,,,,,,,,,,,,0.0,,
144,145.0,3.0,11.0,The Sullivan Generator,No,Green/CleanTech,Male,,,,,,,,,,,,0.0,,
145,146.0,3.0,12.0,Lollacup,Yes,Children / Education,Mixed Team,100000,40%,250000,,1.0,,1.0,,,,,2.0,50000,
146,147.0,3.0,12.0,Nail Pak,Yes,Fashion / Beauty,Female,50000,40%,125000,,,1.0,,,,,,1.0,50000,
147,148.0,3.0,12.0,Debbie Brooks Handbags,No,Fashion / Beauty,Mixed Team,,,,,,,,,,,,0.0,,
148,149.0,3.0,12.0,Trimi Tank,No,Fashion / Beauty,Female,,,,,,,,,,,,0.0,,
149,150.0,3.0,13.0,Villy Customs,Yes,Fitness / Sports,Male,500000,42%,1190476,1.0,1.0,,,,,,,2.0,250000,
150,151.0,3.0,13.0,Boot Illusions,Yes,Fashion / Beauty,Mixed Team,500000,40%,1250000,1.0,1.0,,,,,,,2.0,250000,
151,152.0,3.0,13.0,AirBedz,No,Consumer Products,Male,,,,,,,,,,,,0.0,,
152,153.0,3.0,13.0,Skyride,No,Uncertain / Other,Male,,,,,,,,,,,,0.0,,
153,154.0,3.0,14.0,Dance With Me,Yes,Fitness / Sports,Male,100000,50%,200000,,1.0,,,1.0,,,,2.0,50000,
154,155.0,3.0,14.0,Wild Squirrel Nut Butter,Yes,Food and Beverage,Female,50000,40%,125000,1.0,,,,,,,,1.0,50000,
155,156.0,3.0,14.0,Mix Bikini,Yes,Fashion / Beauty,Male,50000,25%,200000,1.0,,,,,,,,1.0,50000,
156,157.0,3.0,14.0,Cab20 Rock Band,No,Media / Entertainment,Male,,,,,,,,,,,,0.0,,
157,158.0,3.0,15.0,Remyxx ReKixx Sneakers,Yes,Fashion / Beauty,Male,50000,80%,62500,,,,,1.0,,,,1.0,50000,
158,159.0,3.0,15.0,UniKey Technologies,Yes,Software / Tech,Male,500000,40%,1250000,,1.0,,,,1.0,,,2.0,250000,Deal did not close after snow (http://pando.com/2013/05/08/life-after-shark-tank-the-real-story-of-how-unikey-finally-came-to-market/)
159,160.0,3.0,15.0,The NitroForce Titan 1000,No,Fitness / Sports,Mixed Team,,,,,,,,,,,,0.0,,
160,161.0,3.0,15.0,Cougar Limited,No,Food and Beverage,Male,,,,,,,,,,,,0.0,,
161,162.0,4.0,1.0,Bev Buckle,Yes,Food and Beverage,Male,50000,51%,98039,1.0,,,,,,,,1.0,50000,
162,163.0,4.0,1.0,Buggy Beds,Yes,Lifestyle / Home,Female,250000,25%,1000000,1.0,1.0,,1.0,1.0,1.0,,,5.0,50000,
163,164.0,4.0,1.0,Coat Chex,No,Business Services,Male,,,,,,,,,,,,0.0,,
164,165.0,4.0,1.0,Body Walking,No,Fashion / Beauty,Male,,,,,,,,,,,,0.0,,
165,166.0,4.0,2.0,SurfSet Fitness,Yes,Fitness / Sports,Mixed Team,300000,30%,1000000,,1.0,,,,,,,1.0,300000,
166,167.0,4.0,2.0,CateApp,Yes,Software / Tech,Male,75000,30%,250000,,,,,1.0,1.0,,,2.0,37500,
167,168.0,4.0,2.0,Alpha M,No,Business Services,Male,,,,,,,,,,,,0.0,,
168,169.0,4.0,2.0,eCreamery,No,Food and Beverage,Female,,,,,,,,,,,,0.0,,
169,170.0,4.0,3.0,Rock Bands,Yes,Fashion / Beauty,Male,100000,40%,250000,,1.0,,,1.0,,,,2.0,50000,
170,171.0,4.0,3.0,Posture Now,Yes,Healthcare,Male,100000,30%,333333,,1.0,,,,,,,1.0,100000,
171,172.0,4.0,3.0,FuzziBunz,No,Children / Education,Female,,,,,,,,,,,,0.0,,
172,173.0,4.0,3.0,Liz Lovely Cookies,No,Food and Beverage,Mixed Team,,,,,,,,,,,,0.0,,
173,174.0,4.0,4.0,Bag Bowl,Yes,Lifestyle / Home,Male,40000,33%,121212,,,1.0,,,,,,1.0,40000,
174,175.0,4.0,4.0,Back 9 Dips,Yes,Food and Beverage,Mixed Team,150000,25%,600000,,,1.0,1.0,,,,,2.0,75000,
175,176.0,4.0,4.0,Lift Hamper,No,Lifestyle / Home,Male,,,,,,,,,,,,0.0,,
176,177.0,4.0,4.0,Zomm,No,Lifestyle / Home,Male,,,,,,,,,,,,0.0,,
177,178.0,4.0,5.0,Cozy Bugs,Yes,Fashion / Beauty,Female,50000,30%,166667,,,,,1.0,,,,1.0,50000,
178,179.0,4.0,5.0,Marz Sprays,Yes,Healthcare,Male,200000,25%,800000,,,1.0,,,,,,1.0,200000,plus option to buy back option of half the stock for 4X investment
179,180.0,4.0,5.0,Wired Waffles,No,Food and Beverage,Male,,,,,,,,,,,,0.0,,
180,181.0,4.0,5.0,The Spatty and The Spaddy Dadd,No,Food and Beverage,Female,,,,,,,,,,,,0.0,,
181,182.0,4.0,6.0,PRO-NRG,Yes,Food and Beverage,Mixed Team,250000,30%,833333,,,,,1.0,,,,1.0,250000,contingent on a deal with Bad Ass Energy
182,183.0,4.0,6.0,Cousins Maine Lobster,Yes,Food and Beverage,Male,55000,15%,366667,1.0,,,,,,,,1.0,55000,
183,184.0,4.0,6.0,Freaker USA,No,Food and Beverage,Male,,,,,,,,,,,,0.0,,
184,185.0,4.0,6.0,EcoNutsSoap,No,Lifestyle / Home,Mixed Team,,,,,,,,,,,,0.0,,
185,186.0,4.0,7.0,SBU,Yes,Fitness / Sports,Male,300000,33%,909091,,,,1.0,,1.0,,,2.0,150000,
186,187.0,4.0,7.0,Scrub Daddy,Yes,Lifestyle / Home,Male,200000,20%,1000000,,,1.0,,,,,,1.0,200000,
187,188.0,4.0,7.0,The Shemie,No,Fashion / Beauty,Male,,,,,,,,,,,,0.0,,
188,189.0,4.0,7.0,The Bear & The Rat,No,Pet Products,Mixed Team,,,,,,,,,,,,0.0,,
189,190.0,4.0,8.0,The Cool Wazoo,Yes,Children / Education,Female,65000,35%,185714,,,1.0,,,,,,1.0,65000,
190,191.0,4.0,8.0,Plate Topper,Yes,Food and Beverage,Male,90000,8%,1125000,,,1.0,,,,,,1.0,90000,
191,192.0,4.0,8.0,No Fly Cone,No,Pet Products,Male,,,,,,,,,,,,0.0,,
192,193.0,4.0,9.0,Drive Suits,Yes,Uncertain / Other,Male,150000,30%,500000,,,,,,1.0,,,1.0,150000,
193,194.0,4.0,9.0,Ice Chips Candy,Yes,Food and Beverage,Female,125000,20%,625000,1.0,1.0,,,,,,,2.0,62500,
194,195.0,4.0,9.0,ReVestor,No,Software / Tech,Male,,,,,,,,,,,,0.0,,
195,196.0,4.0,9.0,PC Classes Online,No,Software / Tech,Male,,,,,,,,,,,,0.0,,
196,197.0,4.0,10.0,Ruck Pack Combat Nutrition,Yes,Fashion / Beauty,Male,150000,20%,750000,,,,1.0,,1.0,,,2.0,75000,
197,198.0,4.0,10.0,Nearly Newlywed,No,Fashion / Beauty,Female,,,,,,,,,,,,0.0,,
198,199.0,4.0,10.0,Tie Try,No,Fashion / Beauty,Male,,,,,,,,,,,,0.0,,
199,200.0,4.0,10.0,Corks Away,No,Food and Beverage,Male,,,,,,,,,,,,0.0,,
200,201.0,4.0,11.0,The Living Christmas Company,Yes,Lifestyle / Home,Male,150000,40%,375000,,1.0,,,,,,,1.0,150000,
201,202.0,4.0,11.0,The Coop,Yes,Children / Education,Female,150000,15%,1000000,1.0,,,,,,,,1.0,150000,plus personal guarantee she will get her investment back within 2 years
202,203.0,4.0,11.0,Partie Poche,No,Fashion / Beauty,Mixed Team,,,,,,,,,,,,0.0,,
203,204.0,4.0,11.0,Fat Ass Fudge,No,Food and Beverage,Female,,,,,,,,,,,,0.0,,
204,205.0,4.0,12.0,Hot Tot,Yes,Children / Education,Female,75000,40%,187500,,1.0,,,,,,,1.0,75000,
205,206.0,4.0,12.0,The GameFace Company,Yes,Fashion / Beauty,Male,450000,35%,1285714,,1.0,1.0,,,,,,2.0,225000,
206,207.0,4.0,12.0,Dura Tent,No,Food and Beverage,Male,,,,,,,,,,,,0.0,,
207,208.0,4.0,12.0,ARKEG,No,Uncertain / Other,Male,,,,,,,,,,,,0.0,,
208,209.0,4.0,13.0,Coffee Joulies,Yes,Food and Beverage,Male,150000,,,,,1.0,1.0,1.0,1.0,,,4.0,37500,"plus royalty fee of $6 per Coffee Joulies sold retail, and $3 per wholesale. The royalty drops to $1 per unit sold after Sharks recoup their investment."
209,210.0,4.0,13.0,Teddy Needs,Yes,Children / Education,Female,100000,30%,333333,,1.0,,,,,,,1.0,100000,plus 10% royalty until he gets his investment paid back in full
210,211.0,4.0,13.0,Urbio,Yes,Lifestyle / Home,Male,300000,15%,2000000,,,1.0,,,,,,1.0,300000,
211,212.0,4.0,13.0,Sub Zero Ice Cream,No,Food and Beverage,Mixed Team,,,,,,,,,,,,0.0,,
212,213.0,4.0,14.0,Sound Bender,Yes,Software / Tech,Male,54000,40%,135000,,,,,1.0,,,,1.0,54000,
213,214.0,4.0,14.0,Bibitec Bibs,No,Children / Education,Mixed Team,,,,,,,,,,,,0.0,,
214,215.0,4.0,14.0,Cuddle Story Telling Bear,No,Children / Education,Male,,,,,,,,,,,,0.0,,
215,216.0,4.0,14.0,Invisible Xero Shoes,No,Fitness / Sports,Mixed Team,,,,,,,,,,,,0.0,,
216,217.0,4.0,15.0,Hoodie Pillow,Yes,Lifestyle / Home,Mixed Team,90000,20%,450000,,,,1.0,,,,,1.0,90000,
217,218.0,4.0,15.0,Get Grinds,Yes,Food and Beverage,Male,75000,15%,500000,,,,1.0,1.0,,,,2.0,37500,
218,219.0,4.0,15.0,Green Garmento,No,Fashion / Beauty,Female,,,,,,,,,,,,0.0,,
219,220.0,4.0,15.0,My Cold Snap,No,Food and Beverage,Male,,,,,,,,,,,,0.0,,
220,221.0,4.0,16.0,The Smart Wheel,Yes,Consumer Products,Mixed Team,100000,30%,333333,,1.0,,1.0,,,,,2.0,50000,
221,222.0,4.0,16.0,HDYR Sushi Bars,Yes,Food and Beverage,Male,1000000,20%,5000000,,,,,,1.0,,,1.0,1000000,
222,223.0,4.0,16.0,Gotta Have S'More,No,Food and Beverage,Female,,,,,,,,,,,,0.0,,
223,224.0,4.0,16.0,Pretty Padded Room,No,Healthcare,Female,,,,,,,,,,,,0.0,,
224,225.0,4.0,17.0,Addison's Wonderland,No,Children / Education,Female,,,,,,,,,,,,0.0,,
225,226.0,4.0,17.0,Hip Chicks,No,Fashion / Beauty,Female,,,,,,,,,,,,0.0,,
226,227.0,4.0,17.0,Proof Eye Wear,No,Fashion / Beauty,Male,,,,,,,,,,,,0.0,,
227,228.0,4.0,17.0,Muddy Water Camo,No,Fitness / Sports,Male,,,,,,,,,,,,0.0,,
228,229.0,4.0,18.0,Jeska Shoe Company,Yes,Fashion / Beauty,Female,70000,70%,100000,,,,,1.0,,,,1.0,70000,
229,230.0,4.0,18.0,Nuts n More,Yes,Food and Beverage,Male,250000,30%,833333,,1.0,,1.0,,,,,2.0,125000,
230,231.0,4.0,18.0,Neo Innovations,No,Healthcare,Male,,,,,,,,,,,,0.0,,
231,232.0,4.0,18.0,PSI Bands,No,Healthcare,Female,,,,,,,,,,,,0.0,,
232,233.0,4.0,19.0,CordaRoy's Bean Bag Beds,Yes,Lifestyle / Home,Male,200000,58%,344828,,,1.0,,,,,,1.0,200000,
233,234.0,4.0,19.0,Lose 12,Yes,Fitness / Sports,Male,125000,25%,500000,,,,,1.0,,,,1.0,125000,
234,235.0,4.0,19.0,Baby Loves Disco,No,Children / Education,Mixed Team,,,,,,,,,,,,0.0,,
235,236.0,4.0,19.0,Cell Helmet,No,Software / Tech,Male,,,,,,,,,,,,0.0,,
236,237.0,4.0,20.0,CoolWraps,Yes,Lifestyle / Home,Male,250000,100%,250000,,1.0,,,,,,,1.0,250000,plus inventor gets 3% royalty from all future profits
237,238.0,4.0,20.0,Simple Sugar Scrubs,Yes,Fashion / Beauty,Female,100000,33%,303030,,1.0,,,,,,,1.0,100000,
238,239.0,4.0,20.0,Drop Stop,Yes,Consumer Products,Male,300000,20%,1500000,,,1.0,,,,,,1.0,300000,
239,240.0,4.0,20.0,Traditional Fisheries,No,Food and Beverage,Male,,,,,,,,,,,,0.0,,
240,241.0,4.0,21.0,GOBIE H20,Yes,Consumer Products,Male,300000,40%,750000,,,,,1.0,,,,1.0,300000,
241,242.0,4.0,21.0,LiddUp Coolers,Yes,Food and Beverage,Male,100000,33%,303030,,,,,,1.0,,,1.0,100000,
242,243.0,4.0,21.0,Rootsuit,No,Fashion / Beauty,Male,,,,,,,,,,,,0.0,,
243,244.0,4.0,21.0,Echo Valley Meats,No,Food and Beverage,Male,,,,,,,,,,,,0.0,,
244,245.0,4.0,22.0,Wicked Good Cup Cakes,Yes,Food and Beverage,Female,75000,,,,,,,,1.0,,,1.0,75000,"Zero equity, but $1 royalty until investor gets money back,t hen .45 cent royalty in perpetuity."
245,246.0,4.0,22.0,The Mission Belt,Yes,Fashion / Beauty,Male,50000,37.50%,133333,,,,,1.0,,,,1.0,50000,
246,247.0,4.0,22.0,Shell Bobbers,Yes,Fitness / Sports,Male,80000,33%,242424,,1.0,,,,,,,1.0,80000,
247,248.0,4.0,22.0,Tremont Electric,No,Green/CleanTech,Male,,,,,,,,,,,,0.0,,
248,249.0,4.0,23.0,Me-Ma's Gumbo Bricks,Yes,Food and Beverage,Female,200000,50%,400000,,,1.0,,,1.0,,,2.0,100000,
249,250.0,4.0,23.0,Misto Box Coffee Club,Yes,Food and Beverage,Mixed Team,75000,30%,250000,,1.0,,,,,,,1.0,75000,
250,251.0,4.0,23.0,Vermont Butcher Block,No,Lifestyle / Home,Male,,,,,,,,,,,,0.0,,
251,252.0,4.0,23.0,Squirrel Boss Bird Feeder,No,Pet Products,Male,,,,,,,,,,,,0.0,,
252,253.0,4.0,24.0,Pink Shutter Photo Booths,Yes,Consumer Products,Male,300000,33%,909091,1.0,,,,,,,,1.0,300000,plus equal salary distribution of all the profits
253,254.0,4.0,24.0,KazAM Balancing Bike's,Yes,Fitness / Sports,Female,300000,32%,937500,1.0,1.0,,,,,,,2.0,150000,
254,255.0,4.0,24.0,Baby's Badass Burgers,No,Food and Beverage,Female,,,,,,,,,,,,0.0,,
255,256.0,4.0,24.0,Track Days,No,Uncertain / Other,Male,,,,,,,,,,,,0.0,,
256,257.0,4.0,25.0,Stella Valle Jewelry,Yes,Fashion / Beauty,Female,150000,35%,428571,,1.0,1.0,,,,,,2.0,75000,
257,258.0,4.0,25.0,Geek Chic,Yes,Fashion / Beauty,Male,300000,25%,1200000,,,,1.0,,,,,1.0,300000,
258,259.0,4.0,25.0,LugLess,No,Consumer Products,Male,,,,,,,,,,,,0.0,,
259,260.0,4.0,25.0,Jones Scones,No,Food and Beverage,Male,,,,,,,,,,,,0.0,,
260,261.0,4.0,26.0,Ryan's Barkery,Yes,Pet Products,Male,25000,25%,100000,1.0,,,,,,,,1.0,25000,
261,262.0,4.0,26.0,Verbalize It App,Yes,Business Services,Male,250000,20%,1250000,,,,,,1.0,,,1.0,250000,
262,263.0,4.0,26.0,Tom n Chee,Yes,Food and Beverage,Male,600000,15%,4000000,1.0,1.0,,,,,,,2.0,300000,
263,264.0,4.0,26.0,Three Day Rule,No,Software / Tech,Female,,,,,,,,,,,,0.0,,
264,265.0,5.0,1.0,Sweet Ballz,Yes,Food and Beverage,Male,250000,25%,1000000,1.0,1.0,,,,,,,2.0,125000,
265,266.0,5.0,1.0,Postcard on the Run,Yes,Software / Tech,Male,300000,8%,4000000,,,,1.0,,,,,1.0,300000,
266,267.0,5.0,1.0,Lynnaes Gourmet Pickles,No,Food and Beverage,Female,,,,,,,,,,,,0.0,,
267,268.0,5.0,1.0,RoloDoc,No,Healthcare,Male,,,,,,,,,,,,0.0,,
268,269.0,5.0,2.0,Kane & Couture Dog Clothes,Yes,Pet Products,Female,150000,40%,375000,,,1.0,,1.0,,,,2.0,75000,
269,270.0,5.0,2.0,Breathometer,Yes,Healthcare,Male,1000000,30%,3333333,,1.0,1.0,1.0,1.0,1.0,,,5.0,200000,
270,271.0,5.0,2.0,Mango Mango Preserve,No,Food and Beverage,Female,,,,,,,,,,,,0.0,,
271,272.0,5.0,2.0,Man Medals,No,Uncertain / Other,Male,,,,,,,,,,,,0.0,,
272,273.0,5.0,3.0,Freeloader Child Carrier,Yes,Children / Education,Male,200000,33%,606061,,,,1.0,,,,,1.0,200000,
273,274.0,5.0,3.0,Rapid Ramen Cooker,Yes,Food and Beverage,Male,300000,15%,2000000,,1.0,,,,,,,1.0,300000,"$150K is investment, $150K is loan"
274,275.0,5.0,3.0,Fairy Tale Wishes,No,Children / Education,Female,,,,,,,,,,,,0.0,,
275,276.0,5.0,3.0,Kook n Kap,No,Food and Beverage,Female,,,,,,,,,,,,0.0,,
276,277.0,5.0,4.0,Screen Mend,Yes,Lifestyle / Home,Mixed Team,30000,50%,60000,,,1.0,,,,,,1.0,30000,
277,278.0,5.0,4.0,Hamboards Skateboard/Surfboard,Yes,Fitness / Sports,Male,300000,30%,1000000,,,,1.0,,,,,1.0,300000,
278,279.0,5.0,4.0,R Dubs Sunday Night Slow Jams,No,Lifestyle / Home,Male,,,,,,,,,,,,0.0,,
279,280.0,5.0,4.0,Scan. Me App,No,Software / Tech,Male,,,,,,,,,,,,0.0,,
280,281.0,5.0,5.0,Garden Pops,Yes,Food and Beverage,Mixed Team,75000,30%,250000,1.0,1.0,,,,,,,2.0,37500,
281,282.0,5.0,5.0,Ruffle Butts - Rugged Butts,Yes,Fashion / Beauty,Mixed Team,300000,9%,3333333,,,1.0,,,,,,1.0,300000,
282,283.0,5.0,5.0,Bare Ease Bikini Waxing,No,Lifestyle / Home,Female,,,,,,,,,,,,0.0,,
283,284.0,5.0,5.0,Rent A Goat,No,Uncertain / Other,Male,,,,,,,,,,,,0.0,,
284,285.0,5.0,6.0,Total Merchant Resources,Yes,Business Services,Mixed Team,200000,50%,400000,,,,,,1.0,,,1.0,200000,
285,286.0,5.0,6.0,Ten Thirty One Haunted Hayrides,Yes,Media / Entertainment,Female,2000000,20%,10000000,,1.0,,,,,,,1.0,2000000,
286,287.0,5.0,6.0,Fiber Fix Tape,Yes,Lifestyle / Home,Male,250000,12%,2083333,,,1.0,,,,,,1.0,250000,
287,288.0,5.0,6.0,Elephant Chat,No,Consumer Products,Mixed Team,,,,,,,,,,,,0.0,,
288,289.0,5.0,7.0,180 Party Cup,Yes,Lifestyle / Home,Male,300000,25%,1200000,,,,,1.0,,,,1.0,300000,
289,290.0,5.0,7.0,Tree T Pee,Yes,Green/CleanTech,Male,150000,20%,750000,,,,,,,,1.0,1.0,150000,
290,291.0,5.0,7.0,Better Life Cleaning Products,Yes,Green/CleanTech,Male,400000,17%,2352941,,,1.0,,,,,,1.0,400000,$400K is loan; equity drops to 7% once loan paid back
291,292.0,5.0,7.0,Kymera Electric Surfboards,No,Fitness / Sports,Male,,,,,,,,,,,,0.0,,
292,293.0,5.0,8.0,Paparazzi Proposals,Yes,Lifestyle / Home,Male,250000,33%,757576,,,1.0,,,1.0,,,2.0,125000,$200K as loan
293,294.0,5.0,8.0,Schulzies Bread Pudding,No,Food and Beverage,Female,,,,,,,,,,,,0.0,,
294,295.0,5.0,8.0,BellyBuds,No,Healthcare,Male,,,,,,,,,,,,0.0,,
295,296.0,5.0,8.0,PetPaint,No,Pet Products,Male,,,,,,,,,,,,0.0,,
296,297.0,5.0,9.0,Surprise Ride,No,Children / Education,Female,,,,,,,,,,,,0.0,,
297,298.0,5.0,9.0,Slawsa,No,Food and Beverage,Female,,,,,,,,,,,,0.0,,
298,299.0,5.0,9.0,DoorBot,No,Lifestyle / Home,Male,,,,,,,,,,,,0.0,,
299,300.0,5.0,9.0,Magic Moments,No,Software / Tech,Male,,,,,,,,,,,,0.0,,
300,301.0,5.0,10.0,Grace & Lace Knitted Boot Socks,Yes,Fashion / Beauty,Mixed Team,175000,10%,1750000,1.0,,,,,,,,1.0,175000,half of investment is credit line
301,302.0,5.0,10.0,Yubo Customized Lunch Boxes,Yes,Children / Education,Mixed Team,150000,20%,750000,,,,1.0,,1.0,,,2.0,75000,"if they pay it back in 18 months, equity drops to 10%"
302,303.0,5.0,10.0,PurseCase,Yes,Fashion / Beauty,Female,55000,15%,366667,,,,,1.0,,,,1.0,55000,
303,304.0,5.0,10.0,Chocomize Chocolate Bars,No,Food and Beverage,Male,,,,,,,,,,,,0.0,,
304,305.0,5.0,11.0,De-Boned Baby Back Rib Steak,Yes,Food and Beverage,Mixed Team,300000,30%,1000000,,,,,1.0,,,,1.0,300000,
305,306.0,5.0,11.0,SpiritHoods,No,Fashion / Beauty,Mixed Team,,,,,,,,,,,,0.0,,
306,307.0,5.0,11.0,FoHawx,No,Fitness / Sports,Female,,,,,,,,,,,,0.0,,
307,308.0,5.0,11.0,Virtuix Omni,No,Software / Tech,Male,,,,,,,,,,,,0.0,,
308,309.0,5.0,12.0,Tipsy Elves,Yes,Fashion / Beauty,Male,100000,10%,1000000,,,,1.0,,,,,1.0,100000,
309,310.0,5.0,12.0,One Life Products,Yes,Lifestyle / Home,Male,50000,35%,142857,,,,,1.0,,,,1.0,50000,
310,311.0,5.0,12.0,Cashmere Hair,No,Fashion / Beauty,Female,,,,,,,,,,,,0.0,,
311,312.0,5.0,12.0,Lite-Netics,No,Lifestyle / Home,Male,,,,,,,,,,,,0.0,,
312,313.0,5.0,13.0,GrooveBook,Yes,Software / Tech,Mixed Team,150000,,,,1.0,,,,1.0,,,2.0,75000,Sold to Shutterfly for $14.5M; deal was for 80% of the licensing rights
313,314.0,5.0,13.0,The Wall DoctoRX,Yes,Lifestyle / Home,Male,150000,0%,,,,,1.0,,,,,1.0,150000,exclusive rights to sell internationally
314,315.0,5.0,13.0,Bounce Boot Camp,No,Children / Education,Male,,,,,,,,,,,,0.0,,
315,316.0,5.0,13.0,EyeBloc,No,Software / Tech,Male,,,,,,,,,,,,0.0,,
316,317.0,5.0,14.0,LockerBones,Yes,Children / Education,Male,175000,50%,350000,,,1.0,1.0,,,,,2.0,87500,
317,318.0,5.0,14.0,InvisiPlug,Yes,Software / Tech,Male,125000,10%,1250000,,,1.0,,,,,,1.0,125000,"$1 per unit until she makes it back, then 25 cents per unit thereafter"
318,319.0,5.0,14.0,Balloon Distractions,No,Children / Education,Male,,,,,,,,,,,,0.0,,
319,320.0,5.0,14.0,Alaska Glacial Mud Co.,No,Fashion / Beauty,Female,,,,,,,,,,,,0.0,,
320,321.0,5.0,15.0,SwimZip,Yes,Children / Education,Mixed Team,60000,20%,300000,,,1.0,,,,,,1.0,60000,
321,322.0,5.0,15.0,Freshly Picked,Yes,Children / Education,Female,150000,25%,600000,,,,,1.0,,,,1.0,150000,
322,323.0,5.0,15.0,FitDeck,No,Fitness / Sports,Male,,,,,,,,,,,,0.0,,
323,324.0,5.0,15.0,LifeCaps,No,Healthcare,Male,,,,,,,,,,,,0.0,,
324,325.0,5.0,16.0,The Cookie Dough Cafe,Yes,Food and Beverage,Female,100000,30%,333333,,,1.0,,,,,1.0,2.0,50000,
325,326.0,5.0,16.0,Cycloramic,Yes,Software / Tech,Male,500000,15%,3333333,,1.0,1.0,,,,,,2.0,250000,
326,327.0,5.0,16.0,Nexersys,No,Fitness / Sports,Male,,,,,,,,,,,,0.0,,
327,328.0,5.0,16.0,Cow Wow Cereal Milk,No,Food and Beverage,Male,,,,,,,,,,,,0.0,,
328,329.0,5.0,17.0,Spy Escape and Evasion,Yes,Children / Education,Male,150000,45%,333333,,,,,1.0,,,,1.0,150000,
329,330.0,5.0,17.0,Southern Culture Artisan Foods,Yes,Food and Beverage,Female,100000,38%,263158,1.0,,,,,,,,1.0,100000,
330,331.0,5.0,17.0,DDP Yoga,No,Fitness / Sports,Male,,,,,,,,,,,,0.0,,
331,332.0,5.0,17.0,Moberi,No,Food and Beverage,Male,,,,,,,,,,,,0.0,,
332,333.0,5.0,18.0,Bambooee,Yes,Lifestyle / Home,Mixed Team,200000,10%,2000000,,,1.0,,,,,,1.0,200000,
333,334.0,5.0,18.0,Buzzy4Shots,No,Healthcare,Female,,,,,,,,,,,,0.0,,
334,335.0,5.0,18.0,ZipIt,No,Lifestyle / Home,Female,,,,,,,,,,,,0.0,,
335,336.0,5.0,18.0,Cheek'd,No,Software / Tech,Female,,,,,,,,,,,,0.0,,
336,337.0,5.0,19.0,U-Lace,Yes,Fashion / Beauty,Male,200000,35%,571429,,1.0,,,,,,,1.0,200000,
337,338.0,5.0,19.0,RevoLights,Yes,Fitness / Sports,Male,300000,10%,3000000,,,,1.0,,,,,1.0,300000,
338,339.0,5.0,19.0,Squeeky Knees,No,Children / Education,Mixed Team,,,,,,,,,,,,0.0,,
339,340.0,5.0,19.0,The Buffer Bit,No,Fashion / Beauty,Male,,,,,,,,,,,,0.0,,
340,341.0,5.0,20.0,Henry's Humdingers,Yes,Food and Beverage,Male,300000,75%,400000,,1.0,,1.0,,,,,2.0,150000,
341,342.0,5.0,20.0,Boo Boo Goo,Yes,Healthcare,Mixed Team,100000,25%,400000,,,,,,1.0,,,1.0,100000,
342,343.0,5.0,20.0,Iretron,Yes,Software / Tech,Male,100000,20%,500000,1.0,1.0,,,,,,,2.0,50000,
343,344.0,5.0,20.0,Define Bottle,No,Food and Beverage,Male,,,,,,,,,,,,0.0,,
344,345.0,5.0,21.0,Packback Books,No,Children / Education,Mixed Team,,,,,,,,,,,,0.0,,
345,346.0,5.0,21.0,Chapul,Yes,Food and Beverage,Male,50000,15%,333333,,1.0,,,,,,,1.0,50000,
346,347.0,5.0,21.0,Garage Door Lock,Yes,Lifestyle / Home,Male,275000,35%,785714,,,,,1.0,,,,1.0,275000,
347,348.0,5.0,21.0,MorningHead,No,Lifestyle / Home,Male,,,,,,,,,,,,0.0,,
348,349.0,5.0,22.0,Plated,Yes,Food and Beverage,Male,500000,6%,8992806,,1.0,,,,,,,1.0,500000,
349,350.0,5.0,22.0,Monkey Mat,Yes,Lifestyle / Home,Mixed Team,100000,35%,285714,,1.0,1.0,,,,,,2.0,50000,
350,351.0,5.0,22.0,The Paint Brush Cover,Yes,Lifestyle / Home,Male,100000,20%,500000,,,1.0,,,,,,1.0,100000,
351,352.0,5.0,22.0,Kodiak Cakes,No,Food and Beverage,Mixed Team,,,,,,,,,,,,0.0,,
352,353.0,5.0,23.0,Velocity Signs,Yes,Business Services,Male,225000,30%,750000,,1.0,,1.0,,1.0,,,3.0,75000,
353,354.0,5.0,23.0,Happy Feet,Yes,Fashion / Beauty,Male,375000,25%,1500000,,,,,,,,,0.0,0,
354,355.0,5.0,23.0,Hold Your Haunches,Yes,Fashion / Beauty,Female,100000,40%,250000,1.0,,1.0,,,,,,2.0,50000,
355,356.0,5.0,23.0,Lord Nut Levington,No,Food and Beverage,Male,,,,,,,,,,,,0.0,,
356,357.0,5.0,24.0,Fun Time Express,Yes,Children / Education,Male,125000,20%,625000,,,1.0,,,1.0,,,2.0,62500,
357,358.0,5.0,24.0,PowerPot,Yes,Food and Beverage,Male,250000,12%,2083333,,1.0,,,,,,,1.0,250000,
358,359.0,5.0,24.0,Quickstop Fire Sprinkler Tools,No,Lifestyle / Home,Male,,,,,,,,,,,,0.0,,
359,360.0,5.0,24.0,Taylor Robinson Music,No,Software / Tech,Male,,,,,,,,,,,,0.0,,
360,361.0,5.0,25.0,ZooBean,Yes,Children / Education,Mixed Team,250000,30%,833333,,1.0,,,,,,,1.0,250000,
361,362.0,5.0,25.0,iLumi,No,Lifestyle / Home,Male,,,,,,,,,,,,0.0,,
362,363.0,5.0,25.0,Fort Magic,No,Children / Education,Female,,,,,,,,,,,,0.0,,
363,364.0,5.0,25.0,Intelli-Stopper Technology,No,Food and Beverage,Male,,,,,,,,,,,,0.0,,
364,365.0,5.0,26.0,Rugged Maniac,Yes,Fitness / Sports,Male,1750000,25%,7000000,,1.0,,,,,,,1.0,1750000,
365,366.0,5.0,26.0,Cerebral Success,Yes,Healthcare,Male,75000,40%,187500,1.0,,,,,,,,1.0,75000,
366,367.0,5.0,26.0,Mo's Bows,No,Fashion / Beauty,Male,,,,,,,,,,,,0.0,,
367,368.0,5.0,26.0,Crio,No,Food and Beverage,Male,,,,,,,,,,,,0.0,,
368,369.0,5.0,27.0,Angellift,Yes,Fashion / Beauty,Male,500000,15%,3333333,,,1.0,,,,,,1.0,500000,
369,370.0,5.0,27.0,HangEase,No,Lifestyle / Home,Male,,,,,,,,,,,,0.0,,
370,371.0,5.0,27.0,The Bouqs Company,No,Lifestyle / Home,Male,,,,,,,,,,,,0.0,,
371,372.0,5.0,27.0,Susty Party,No,Lifestyle / Home,Female,,,,,,,,,,,,0.0,,
372,373.0,5.0,28.0,Oru Kayak,Yes,Fitness / Sports,Male,500000,25%,2000000,,,,1.0,,,,,1.0,500000,
373,374.0,5.0,28.0,Bon Affair,Yes,Food and Beverage,Female,150000,35%,428571,,1.0,,,,,,,1.0,150000,
374,375.0,5.0,28.0,Cinnaholic,No,Food and Beverage,Mixed Team,,,,,,,,,,,,0.0,,
375,376.0,5.0,28.0,Hargitt Marine Services,No,Uncertain / Other,Male,,,,,,,,,,,,0.0,,
376,377.0,5.0,29.0,Foot Fairy,Yes,Software / Tech,Female,100000,40%,250000,,1.0,,,,,,,1.0,100000,
377,378.0,5.0,29.0,BZbox,Yes,Lifestyle / Home,Female,50000,40%,125000,,,1.0,,,,,,1.0,50000,
378,379.0,5.0,29.0,Tie-Not,No,Children / Education,Male,,,,,,,,,,,,0.0,,
379,380.0,5.0,29.0,Baker's Edge,No,Food and Beverage,Mixed Team,,,,,,,,,,,,0.0,,
380,381.0,6.0,1.0,Sleeping Baby,Yes,Children / Education,Mixed Team,200000,20%,1000000,,,,,1.0,,,,1.0,200000,
381,382.0,6.0,1.0,Bombas,Yes,Fashion / Beauty,Male,200000,18%,1142857,,,,,1.0,,,,1.0,200000,
382,383.0,6.0,1.0,Hammer & Nails,No,Fashion / Beauty,Male,,,,,,,,,,,,0.0,,
383,384.0,6.0,1.0,Amber,No,Software / Tech,Male,,,,,,,,,,,,0.0,,
384,385.0,6.0,2.0,Kronos,Yes,Fitness / Sports,Male,150000,30%,500000,,,,1.0,,,,,1.0,150000,
385,386.0,6.0,2.0,Roominate,Yes,Children / Education,Female,500000,5%,10000000,,1.0,1.0,,,,,,2.0,250000,
386,387.0,6.0,2.0,The Floating Mug Co.,No,Lifestyle / Home,Male,,,,,,,,,,,,0.0,,
387,388.0,6.0,2.0,Wedding Wagon,No,Lifestyle / Home,Male,,,,,,,,,,,,0.0,,
388,389.0,6.0,3.0,Heart Pup,Yes,Pet Products,Female,50000,40%,125000,,,,,1.0,,,,1.0,50000,
389,390.0,6.0,3.0,SoapSox,No,Children / Education,Male,,,,,,,,,,,,0.0,,
390,391.0,6.0,3.0,Ninja Cards,No,Children / Education,Male,,,,,,,,,,,,0.0,,
391,392.0,6.0,3.0,DrumPants,No,Fashion / Beauty,Mixed Team,,,,,,,,,,,,0.0,,
392,393.0,6.0,4.0,Paper Box Pilots,Yes,Children / Education,Male,35000,50%,70000,,,,1.0,,,,,1.0,35000,
393,394.0,6.0,4.0,Reviver,Yes,Lifestyle / Home,Male,150000,15%,1000000,,,1.0,,,,,,1.0,150000,
394,395.0,6.0,4.0,FunCakes Rental,No,Food and Beverage,Female,,,,,,,,,,,,0.0,,
395,396.0,6.0,4.0,Table Jacks,No,Lifestyle / Home,Male,,,,,,,,,,,,0.0,,
396,397.0,6.0,5.0,The Red Dress Boutique,Yes,Fashion / Beauty,Mixed Team,1200000,20%,6000000,,1.0,,1.0,,,,,2.0,600000,
397,398.0,6.0,5.0,SunStaches,Yes,Fashion / Beauty,Male,300000,20%,1500000,,,,,1.0,,,,1.0,300000,
398,399.0,6.0,5.0,Jungle JumpaRoo,No,Children / Education,Mixed Team,,,,,,,,,,,,0.0,,
399,400.0,6.0,5.0,The Caddy Girls,No,Fitness / Sports,Female,,,,,,,,,,,,0.0,,
400,401.0,6.0,6.0,Honeyfund,Yes,Software / Tech,Mixed Team,400000,,,,,,,,1.0,,,1.0,400000,three times return from the transaction revenue
401,402.0,6.0,6.0,BeatBox Beverages,Yes,Food and Beverage,Mixed Team,1000000,33%,3030303,,1.0,,,,,,,1.0,1000000,
402,403.0,6.0,6.0,Oilerie USA,No,Food and Beverage,Male,,,,,,,,,,,,0.0,,
403,404.0,6.0,6.0,EmergenSee,No,Software / Tech,Male,,,,,,,,,,,,0.0,,
404,405.0,6.0,7.0,Myself Belts,Yes,Children / Education,Female,75000,25%,300000,,,,,1.0,,,,1.0,75000,
405,406.0,6.0,7.0,Titin,Yes,Fitness / Sports,Male,500000,20%,2500000,,,,,1.0,,,,1.0,500000,
406,407.0,6.0,7.0,SingTrix,No,Children / Education,Male,,,,,,,,,,,,0.0,,
407,408.0,6.0,7.0,Beardbrand,No,Fashion / Beauty,Male,,,,,,,,,,,,0.0,,
408,409.0,6.0,8.0,The Natural Grip,Yes,Fitness / Sports,Female,125000,25%,500000,,,,1.0,,,,,1.0,125000,
409,410.0,6.0,8.0,Bottle Breacher,Yes,Food and Beverage,Male,150000,20%,750000,,1.0,,,,1.0,,,2.0,75000,
410,411.0,6.0,8.0,Man-Pack,No,Fashion / Beauty,Male,,,,,,,,,,,,0.0,,
411,412.0,6.0,8.0,Priority One Canine,No,Pet Products,Mixed Team,,,,,,,,,,,,0.0,,
412,413.0,6.0,9.0,Heidi Ho,Yes,Food and Beverage,Female,125000,30%,416667,,,1.0,,,,,,1.0,125000,
413,414.0,6.0,9.0,Squatty Potty,Yes,Lifestyle / Home,Mixed Team,350000,10%,3500000,,,1.0,,,,,,1.0,350000,
414,415.0,6.0,9.0,Pipsnacks,Yes,Food and Beverage,Mixed Team,200000,10%,2000000,1.0,,,,,,,,1.0,200000,plus a 10% draw whenever founders take cash out until she recoups her investment
415,416.0,6.0,9.0,Storm Stoppers,No,Lifestyle / Home,Male,,,,,,,,,,,,0.0,,
416,417.0,6.0,10.0,MagicCook,Yes,Food and Beverage,Female,100000,33%,303030,,,,,1.0,,,,1.0,100000,
417,418.0,6.0,10.0,Earth Log,Yes,Lifestyle / Home,Male,160000,30%,533333,,,1.0,,,,,,1.0,160000,
418,419.0,6.0,10.0,Kitchen Safe,Yes,Food and Beverage,Male,100000,20%,500000,,,1.0,,,,,1.0,2.0,50000,
419,420.0,6.0,10.0,Off the Cob,No,Food and Beverage,Male,,,,,,,,,,,,0.0,,
420,421.0,6.0,11.0,Biaggi,Yes,Lifestyle / Home,Male,500000,33%,1515152,,,1.0,,,,,,1.0,500000,
421,422.0,6.0,11.0,Gameday Couture,Yes,Fashion / Beauty,Mixed Team,500000,30%,1666667,,1.0,,,,,,,1.0,500000,
422,423.0,6.0,11.0,Zipz,Yes,Food and Beverage,Male,2500000,10%,25000000,,,,,,1.0,,,1.0,2500000,with an option for another $2.5 Million for an additional 10%
423,424.0,6.0,11.0,Soaps Washes and Grooming Essentials (aka S.W.A.G. Essentials),No,Fashion / Beauty,Female,,,,,,,,,,,,0.0,,
424,425.0,6.0,12.0,Hoppy Paws,Yes,Lifestyle / Home,Female,100000,49%,204082,1.0,,,,,,,,1.0,100000,
425,426.0,6.0,12.0,Q-Flex,Yes,Healthcare,Female,25000,25%,100000,1.0,1.0,,,,,,,2.0,12500,
426,427.0,6.0,12.0,The Mensch on a Bench,Yes,Lifestyle / Home,Male,150000,15%,1000000,,,1.0,1.0,,,,,2.0,75000,
427,428.0,6.0,12.0,Eve Drop,No,Lifestyle / Home,Male,,,,,,,,,,,,0.0,,
428,429.0,6.0,13.0,Bantam Bagels,Yes,Food and Beverage,Mixed Team,275000,25%,1100000,,,1.0,,,,,,1.0,275000,
429,430.0,6.0,13.0,Doorman,Yes,Lifestyle / Home,Male,250000,12%,2083333,,,,1.0,,,,,1.0,250000,
430,431.0,6.0,13.0,SkinnyShirt,No,Fashion / Beauty,Female,,,,,,,,,,,,0.0,,
431,432.0,6.0,13.0,Coffee Meets Bagel,No,Software / Tech,Female,,,,,,,,,,,,0.0,,
432,433.0,6.0,14.0,Evrewares,Yes,Fashion / Beauty,Female,200000,100%,200000,,1.0,,,,,,,1.0,200000,
433,434.0,6.0,14.0,Bottle Bright,Yes,Lifestyle / Home,Male,75000,33%,227273,,,1.0,,,,,,1.0,75000,
434,435.0,6.0,14.0,Scratch & Grain Baking Co,Yes,Food and Beverage,Female,150000,20%,750000,1.0,,,,,,,,1.0,150000,Done as a line of credit
435,436.0,6.0,14.0,Vestpakz,No,Children / Education,Male,,,,,,,,,,,,0.0,,
436,437.0,6.0,15.0,TurboPUP,Yes,Pet Products,Mixed Team,100000,35%,285714,,,,,1.0,,,,1.0,100000,
437,438.0,6.0,15.0,Lumio,Yes,Lifestyle / Home,Male,350000,10%,3500000,,,,1.0,,,,,1.0,350000,
438,439.0,6.0,15.0,Bello Verde,No,Fashion / Beauty,Male,,,,,,,,,,,,0.0,,
439,440.0,6.0,15.0,Napwell,No,Lifestyle / Home,Male,,,,,,,,,,,,0.0,,
440,441.0,6.0,16.0,GreenBox,Yes,Food and Beverage,Mixed Team,300000,10%,3000000,,,,,,1.0,,,1.0,300000,
441,442.0,6.0,16.0,Phonesoap,Yes,Software / Tech,Male,300000,10%,3000000,,,1.0,,,,,,1.0,300000,
442,443.0,6.0,16.0,Victoria's Kitchen,No,Food and Beverage,Mixed Team,,,,,,,,,,,,0.0,,
443,444.0,6.0,16.0,Tycoon Real Estate,No,Software / Tech,Mixed Team,,,,,,,,,,,,0.0,,
444,445.0,6.0,17.0,Fresh Patch,Yes,Pet Products,Mixed Team,150000,20%,750000,1.0,1.0,,,,,,,2.0,75000,
445,446.0,6.0,17.0,Drain Strain,Yes,Lifestyle / Home,Male,110000,10%,1100000,,,,1.0,,,,,1.0,110000,
446,447.0,6.0,17.0,Balm Chicky Balm Balm,No,Fashion / Beauty,Female,,,,,,,,,,,,0.0,,
447,448.0,6.0,17.0,BedJet,No,Lifestyle / Home,Male,,,,,,,,,,,,0.0,,
448,449.0,6.0,18.0,BeverageBoy,Yes,Food and Beverage,Male,50000,35%,142857,,,,,1.0,,,,1.0,50000,
449,450.0,6.0,18.0,FunBites,Yes,Children / Education,Female,75000,25%,300000,,,1.0,,,,,,1.0,75000,
450,451.0,6.0,18.0,The Lip Bar,No,Fashion / Beauty,Female,,,,,,,,,,,,0.0,,
451,452.0,6.0,18.0,Himalayan Dog Chew,No,Pet Products,Male,,,,,,,,,,,,0.0,,
452,453.0,6.0,19.0,Boobypack,Yes,Fashion / Beauty,Female,80000,25%,320000,1.0,,,,,,,,1.0,80000,
453,454.0,6.0,19.0,Gold Rush Nugget Bucket,Yes,Children / Education,Male,60000,25%,240000,,,,1.0,,,,,1.0,60000,
454,455.0,6.0,19.0,Sseko Designs,No,Fashion / Beauty,Mixed Team,,,,,,,,,,,,0.0,,
455,456.0,6.0,19.0,Lumi,No,Fashion / Beauty,Female,,,,,,,,,,,,0.0,,
456,457.0,6.0,20.0,LuminAid,Yes,Consumer Products,Female,300000,15%,2000000,,1.0,,,,,,,1.0,300000,
457,458.0,6.0,20.0,Scholly,Yes,Children / Education,Male,40000,15%,266667,,,,,,,,,0.0,0,
458,459.0,6.0,20.0,Keen Home,Yes,Lifestyle / Home,Male,750000,13%,5769231,,,,1.0,,,,,1.0,750000,
459,460.0,6.0,20.0,Taaluma,No,Fashion / Beauty,Mixed Team,,,,,,,,,,,,0.0,,
460,461.0,6.0,21.0,Coco Jack,Yes,Food and Beverage,Male,125000,25%,500000,,1.0,,,,,,,1.0,125000,125k in convertible debt for 25% of the company with 7% interest
461,462.0,6.0,21.0,BedRyder,No,Consumer Products,Male,,,,,,,,,,,,0.0,,
462,463.0,6.0,21.0,Frill,Yes,Fashion / Beauty,Female,100000,20%,500000,1.0,,,,,1.0,,,2.0,50000,
463,464.0,6.0,21.0,Twin Z Pillow,Yes,Children / Education,Mixed Team,75000,20%,375000,,,1.0,,,,,,1.0,75000,
464,465.0,6.0,22.0,Echo Valley Meats,Yes,Food and Beverage,Male,150000,25%,600000,,1.0,,,,,,,1.0,150000,
465,466.0,6.0,22.0,Emazing Lights,Yes,Media / Entertainment,Male,650000,5%,13000000,,1.0,,,1.0,,,,2.0,325000,plus 20% commission on any license deals they bring
466,467.0,6.0,22.0,acqua vault,Yes,Lifestyle / Home,Male,75000,25%,300000,,,,,1.0,,,,1.0,75000,
467,468.0,6.0,22.0,Naja,No,Fashion / Beauty,Female,,,,,,,,,,,,0.0,,
468,469.0,6.0,23.0,Bee Sweet Lemonade,Yes,Food and Beverage,Mixed Team,60000,25%,240000,,,,,1.0,,,,1.0,60000,
469,470.0,6.0,23.0,Brand Yourself,No,Software / Tech,Male,,,,,,,,,,,,0.0,,
470,471.0,6.0,23.0,iC Pooch,No,Pet Products,Mixed Team,,,,,,,,,,,,0.0,,
471,472.0,6.0,23.0,The Home T,No,Fashion / Beauty,Male,,,,,,,,,,,,0.0,,
472,473.0,6.0,24.0,Budsies,No,Children / Education,Male,,,,,,,,,,,,0.0,,
473,474.0,6.0,24.0,bee thinking,No,Lifestyle / Home,Male,,,,,,,,,,,,0.0,,
474,475.0,6.0,24.0,PullyPalz,Yes,Children / Education,Female,100000,28%,357143,,,1.0,,,,,,1.0,100000,
475,476.0,6.0,24.0,Forus,No,Fitness / Sports,Male,,,,,,,,,,,,0.0,,
476,477.0,6.0,25.0,NeatCheeks,Yes,Children / Education,Female,150000,25%,600000,1.0,,,,,,,,1.0,150000,
477,478.0,6.0,25.0,Melni,Yes,Uncertain / Other,Male,500000,12%,4166667,,1.0,,,,,,,1.0,500000,
478,479.0,6.0,25.0,Beneath the Ink,No,Software / Tech,Mixed Team,,,,,,,,,,,,0.0,,
479,480.0,6.0,25.0,PittMoss,Yes,Green/CleanTech,Male,600000,35%,1714286,,1.0,,1.0,,1.0,,,3.0,200000,
480,481.0,6.0,26.0,ZinePak,Yes,Media / Entertainment,Female,725000,18%,4142857,,,1.0,1.0,,,,,2.0,362500,
481,482.0,6.0,26.0,snagastool,No,Software / Tech,Male,,,,,,,,,,,,0.0,,
482,483.0,6.0,26.0,Buck Mason,No,Fashion / Beauty,Male,,,,,,,,,,,,0.0,,Declined Robert's offer
483,484.0,6.0,26.0,Noene,Yes,Fashion / Beauty,Male,200000,30%,666667,,1.0,,,1.0,,,,2.0,100000,
484,485.0,6.0,27.0,AirCar,Yes,Green/CleanTech,Male,5000000,50%,10000000,,,,1.0,,,,,1.0,5000000,Contingent on getting deal to bring to continental US
485,486.0,6.0,27.0,Paleo Diet Foods,No,Food and Beverage,Female,,,,,,,,,,,,0.0,,
486,487.0,6.0,27.0,World Record Striper Company,Yes,Fitness / Sports,Male,50000,33%,151515,,1.0,,,,,,,1.0,50000,
487,488.0,6.0,27.0,Frameri,No,Fashion / Beauty,Male,,,,,,,,,,,,0.0,,
488,489.0,6.0,28.0,Zoom,Yes,Lifestyle / Home,Female,100000,33%,303030,1.0,,,,,,,,1.0,100000,
489,490.0,6.0,28.0,Sunscreen Mist,No,Lifestyle / Home,Male,,,,,,,,,,,,0.0,,
490,491.0,6.0,28.0,SynDaver Labs,Yes,Healthcare,Male,3000000,25%,12000000,,,,1.0,,,,,1.0,3000000,
491,492.0,6.0,28.0,You Kick Ass,Yes,Children / Education,Female,100000,10%,1000000,,1.0,,,,,,,1.0,100000,
492,493.0,6.0,29.0,Shark Wheel,Yes,Fitness / Sports,Male,225000,8%,3000000,,1.0,,1.0,,,,1.0,3.0,75000,10% royalty until $500K; then converts to 5% equity
493,494.0,6.0,29.0,Gato Cafe,No,Uncertain / Other,Female,,,,,,,,,,,,0.0,,
494,495.0,6.0,29.0,Sway Motorsports,Yes,Green/CleanTech,Male,300000,20%,1500000,,1.0,,,,,,,1.0,300000,
495,496.0,6.0,29.0,Spikeball,Yes,Fitness / Sports,Male,500000,20%,2500000,,,,,1.0,,,,1.0,500000,
